{
  "embedding_dim": 384,
  "alphas": [
    0.01,
    0.1,
    1.0,
    10.0,
    100.0
  ],
  "n_bootstrap": 5,
  "ensemble_size": 25,
  "random_state": 42,
  "has_scaler": true,
  "metrics": {
    "n_examples": 403,
    "embedding_dim": 384,
    "n_models": 25,
    "alphas": [
      0.01,
      0.1,
      1.0,
      10.0,
      100.0
    ],
    "n_bootstrap": 5,
    "per_model_r2": [
      0.9999999393638749,
      0.9999999163862846,
      0.9999998583813098,
      0.9999998773943791,
      0.9999999067087575,
      0.9999851420623166,
      0.9999887389504304,
      0.999987636446556,
      0.9999904077357714,
      0.9999854321813694,
      0.999202862107641,
      0.9993115736466006,
      0.9989374401446038,
      0.9991303500829728,
      0.9993814937722794,
      0.9751280500749097,
      0.9826446446936458,
      0.9771304474027694,
      0.9780539416149877,
      0.982233823018168,
      0.8678900104876539,
      0.8818485937568251,
      0.8946443320117338,
      0.8604653657202382,
      0.8853295174388591
    ],
    "mean_model_r2": 0.9712507720633975,
    "std_model_r2": 0.047628724615675806,
    "ensemble_r2": 0.8331974191135548,
    "r2_per_axis": {
      "agency": 0.817496163359698,
      "fairness": 0.821314476400949,
      "belonging": 0.8634391667852086
    },
    "normalized": true
  }
}